OBJECTID,GEOID10,GEOID20,STATEFP,COUNTYFP,TRACTCE,BLKGRPCE,CSA,CSA_Name,CBSA,CBSA_Name,CBSA_POP,CBSA_EMP,CBSA_WRK,Ac_Total,Ac_Water,Ac_Land,Ac_Unpr,TotPop,CountHU,HH,P_WrkAge,AutoOwn0,Pct_AO0,AutoOwn1,Pct_AO1,AutoOwn2p,Pct_AO2p,Workers,R_LowWageWk,R_MedWageWk,R_HiWageWk,R_PCTLOWWAGE,TotEmp,E5_Ret,E5_Off,E5_Ind,E5_Svc,E5_Ent,E8_Ret,E8_off,E8_Ind,E8_Svc,E8_Ent,E8_Ed,E8_Hlth,E8_Pub,E_LowWageWk,E_MedWageWk,E_HiWageWk,E_PctLowWage,D1A,D1B,D1C,D1C5_RET,D1C5_OFF,D1C5_IND,D1C5_SVC,D1C5_ENT,D1C8_RET,D1C8_OFF,D1C8_IND,D1C8_SVC,D1C8_ENT,D1C8_ED,D1C8_HLTH,D1C8_PUB,D1D,D1_FLAG,D2A_JPHH,D2B_E5MIX,D2B_E5MIXA,D2B_E8MIX,D2B_E8MIXA,D2A_EPHHM,D2C_TRPMX1,D2C_TRPMX2,D2C_TRIPEQ,D2R_JOBPOP,D2R_WRKEMP,D2A_WRKEMP,D2C_WREMLX,D3A,D3AAO,D3AMM,D3APO,D3B,D3BAO,D3BMM3,D3BMM4,D3BPO3,D3BPO4,D4A,D4B025,D4B050,D4C,D4D,D4E,D5AR,D5AE,D5BR,D5BE,D5CR,D5CRI,D5CE,D5CEI,D5DR,D5DRI,D5DE,D5DEI,D2A_Ranked,D2B_Ranked,D3B_Ranked,D4A_Ranked,NatWalkInd,Shape_Length,Shape_Area
1,4.8113E+11,4.8113E+11,48,113,7825,4,206,"Dallas-Fort Worth, TX-OK",19100,"Dallas-Fort Worth-Arlington, TX",7189384,3545715,3364458,73.5950285,0,73.5950285,73.5950285,1202,460,423,0.549,69,0.163120567,39,0.092198582,315,0.744680851,412,99,122,191,0.240291262,66,20,3,0,19,24,20,3,0,15,24,0,4,0,21,27,18,0.318181818,6.250422201,16.33262497,0.896799707,0.271757487,0.040763623,0,0.258169613,0.326108984,0.271757487,0.040763623,0,0.203818115,0.326108984,0,0.054351497,0,7.147221908,0,0.156028369,0.886263937,0.763386204,0.855441777,0.662091432,0.348911599,0.526295799,0.585916036,0.287128311,0.104100946,0.276150628,6.242424242,0.005287423,23.53489981,0,10.65527725,12.87962256,115.9817473,0,60.87367709,8.696239584,34.78495833,43.48119792,362.1,0,0,4.33,37.6547174,0.003602329,433601,303660,135362,53504,0.000397944,0.785893462,0.000357645,0.841298602,0.000525075,0.184696707,0.000475598,0.137706673,6,14,15,17,14,3110.36082,297836.0831
2,4.8113E+11,4.8113E+11,48,113,7825,2,206,"Dallas-Fort Worth, TX-OK",19100,"Dallas-Fort Worth-Arlington, TX",7189384,3545715,3364458,119.8299095,0,119.8299095,119.2142,710,409,409,0.466,0,0,168,0.410757946,241,0.589242054,395,76,107,212,0.192405063,25,7,0,3,15,0,7,0,3,13,0,0,2,0,10,4,11,0.4,3.430799351,5.955666355,0.209706562,0.058717837,0,0.025164787,0.125823937,0,0.058717837,0,0.025164787,0.109047412,0,0,0.016776525,0,3.640505913,0,0.061124694,0.835014679,0.569986193,0.831686329,0.554457553,0.197047324,0.24848111,0.271309324,0.00203268,0.068027211,0.119047619,15.8,3.7363E-07,22.89336566,0.755137051,2.859482038,19.27874657,80.14560004,5.340903641,10.68180728,10.68180728,85.45445826,5.340903641,718.84,0,0.009516414,4.33,23.12611277,0.006098592,386504,272135,236885,90089,0.00035472,0.700531057,0.000320516,0.7539577,0.000918888,0.323221283,0.000800804,0.231867832,3,10,12,14,10.83333333,3519.46911,484945.1466
3,4.8113E+11,4.8113E+11,48,113,7825,3,206,"Dallas-Fort Worth, TX-OK",19100,"Dallas-Fort Worth-Arlington, TX",7189384,3545715,3364458,26.3670526,0,26.3670526,26.36705,737,365,329,0.811,19,0.05775076,143,0.434650456,167,0.507598784,463,136,189,138,0.293736501,0,0,0,0,0,0,0,0,0,0,0,0,0,0,0,0,0,0,13.84303515,27.95155317,0,0,0,0,0,0,0,0,0,0,0,0,0,0,13.84303515,0,0,0,0,0,0,0,0,0,0.367879441,0,1,0,0,14.21050888,6.128365271,2.611429576,5.470714031,24.27271678,24.27271678,0,24.27271678,0,0,398.31,0,0,3,72.81815033,0.004070556,404573,288925,230587,82815,0.000371303,0.733280771,0.000340291,0.800474869,0.000894457,0.314627883,0.000736145,0.213146272,1,1,7,17,8.333333333,1697.091802,106705.9281
4,4.8113E+11,4.8113E+11,48,113,7824,1,206,"Dallas-Fort Worth, TX-OK",19100,"Dallas-Fort Worth-Arlington, TX",7189384,3545715,3364458,119.0606872,0,119.0606872,119.0606872,904,384,384,0.638,0,0,43,0.111979167,341,0.888020833,431,60,69,302,0.139211137,253,26,0,25,47,155,26,0,25,3,155,2,42,0,121,87,45,0.47826087,3.225245957,7.592766523,2.124966737,0.218376028,0,0.20997695,0.394756667,1.301857092,0.218376028,0,0.20997695,0.025197234,1.301857092,0.016798156,0.352761277,0,5.350212694,0,0.658854167,0.775740273,0.668186301,0.642753699,0.553831403,0.682829823,0.620718568,0.677942635,0.59635098,0.437337943,0.739766082,1.703557312,0.494821933,32.17837344,2.208593582,9.323546717,20.64623315,141.6044237,21.50163971,21.50163971,32.25245957,134.3852482,5.375409928,386.24,0,0.515376911,6.67,35.85398422,0.007378319,423099,298058,168433,79657,0.000388306,0.76685879,0.000351047,0.825778103,0.000653359,0.229820928,0.000708073,0.205018325,16,10,17,17,15.66666667,2922.609204,481828.4303
5,4.8113E+11,4.8113E+11,48,113,7824,2,206,"Dallas-Fort Worth, TX-OK",19100,"Dallas-Fort Worth-Arlington, TX",7189384,3545715,3364458,169.9272106,0,169.9272106,148.74292,948,343,343,0.506,5,0.014577259,67,0.195335277,271,0.790087464,579,91,84,404,0.15716753,32,0,2,10,20,0,0,2,10,19,0,0,1,0,6,9,17,0.1875,2.30599211,6.373412597,0.21513629,0,0.013446018,0.067230091,0.134460181,0,0,0.013446018,0.067230091,0.127737172,0,0,0.006723009,0,2.521128401,0,0.093294461,0.755975243,0.516033383,0.688595255,0.459063503,0.261471982,0.247735303,0.258986283,0.007902649,0.065306122,0.104746318,18.09375,3.76946E-08,22.05865085,2.289659156,3.176070291,16.5929214,65.3079631,3.766318518,0,7.532637036,75.32637036,7.532637036,638.37,0,0.248922255,6.67,25.12134452,0.007035865,335700,238166,120826,48682,0.000308094,0.608449785,0.000280508,0.659845626,0.000468689,0.164862844,0.000432736,0.125295983,4,7,11,14,10.16666667,3731.971773,687684.7752
6,4.8113E+11,4.8113E+11,48,113,7827,1,206,"Dallas-Fort Worth, TX-OK",19100,"Dallas-Fort Worth-Arlington, TX",7189384,3545715,3364458,50.6871288,0,50.6871288,50.68713,1336,556,497,0.588,33,0.06639839,351,0.706237425,113,0.227364185,586,143,237,206,0.244027304,3,0,1,0,2,0,0,1,0,2,0,0,0,0,2,1,0,0.666666667,10.96925393,26.35777563,0.059186622,0,0.019728874,0,0.039457748,0,0,0.019728874,0,0.039457748,0,0,0,0,11.02844055,0,0.006036217,0.918295834,0.395488489,0.918295834,0.306098611,0.03686198,0.036887386,0.041066091,0,0.004480956,0.010186757,195.3333333,0,23.21342269,15.03475527,6.40123769,1.777429733,8.421861922,50.50591858,12.62647964,0,0,0,950.85,0,0.094844428,3,37.87943893,0.002245509,402287,289607,138562,52583,0.000369205,0.72913744,0.000341094,0.802364369,0.000537488,0.189062995,0.000467412,0.135336237,1,4,5,13,6.833333333,3109.651786,205126.8414
7,4.8113E+11,4.8113E+11,48,113,9301,2,206,"Dallas-Fort Worth, TX-OK",19100,"Dallas-Fort Worth-Arlington, TX",7189384,3545715,3364458,200.6407522,0,200.6407522,200.6407522,1541,451,368,0.644,11,0.029891304,20,0.054347826,337,0.91576087,481,117,227,137,0.243243243,1,0,0,1,0,0,0,0,1,0,0,0,0,0,0,1,0,0,2.247798591,7.680393854,0.004984032,0,0,0.004984032,0,0,0,0,0.004984032,0,0,0,0,0,2.252782623,0,0.002717391,0,0,0,0,0.027014134,0.002373852,0,0,0.001297017,0.004149378,481,0,13.72503494,0,2.457200359,11.26783459,54.23903111,0,6.37956141,12.75912282,31.89780705,15.94890352,1165.43,0,0.052817433,4,12.75912282,0.002595717,263813,205690,8873,20657,0.000242118,0.478155982,0.000242258,0.569869951,3.44188E-05,0.012106898,0.000183621,0.053166245,1,1,10,13,8,4345.799339,811981.0664
8,4.8113E+11,4.8113E+11,48,113,1102,2,206,"Dallas-Fort Worth, TX-OK",19100,"Dallas-Fort Worth-Arlington, TX",7189384,3545715,3364458,63.9924754,0,63.9924754,63.9924754,583,255,255,0.69,37,0.145098039,77,0.301960784,141,0.552941176,425,49,74,302,0.115294118,52,0,16,0,26,10,0,16,0,21,10,0,5,0,11,19,22,0.211538462,3.984843506,9.110446132,0.812595538,0,0.250029396,0,0.406297769,0.156268373,0,0.250029396,0,0.328163583,0.156268373,0,0.078134186,0,4.797439044,0,0.203921569,0.934166141,0.637667594,0.916877673,0.611251782,0.453537911,0.484261845,0.53912036,0.305874791,0.163779528,0.21802935,8.173076923,0.000766959,20.41686076,0,1.71542818,18.70143258,83.34979959,0,20.00235171,0,0,70.008231,442.57,0,0,5.33,53.30626732,0.009142367,372503,254439,275466,116035,0.00034187,0.675154514,0.000299674,0.704930432,0.001068545,0.375863706,0.001031438,0.298646715,9,12,13,16,13.16666667,2248.148479,258973.571
9,4.8113E+11,4.8113E+11,48,113,11401,2,206,"Dallas-Fort Worth, TX-OK",19100,"Dallas-Fort Worth-Arlington, TX",7189384,3545715,3364458,612.654798,0,612.654798,576.19983,1770,595,507,0.515,42,0.082840237,177,0.349112426,288,0.568047337,597,228,235,134,0.381909548,26,0,1,0,25,0,0,1,0,0,0,0,25,0,12,12,2,0.461538462,1.032627865,3.071850958,0.045123234,0,0.001735509,0,0.043387725,0,0,0.001735509,0,0,0,0,0.043387725,0,1.077751099,0,0.051282051,0.235193382,0.101292276,0.235193382,0.078397794,0.184652094,0.209191334,0.232889104,0.002094626,0.028953229,0.083467095,22.96153846,2.89885E-10,17.24872528,2.161842563,2.806108645,12.28077407,68.97195637,8.357071579,5.223169737,4.178535789,73.12437631,12.53560737,280.29,0.000203855,0.185777299,3,3.133901842,0.001694915,253775,208423,22,512,0.000232906,0.4599623,0.000245477,0.577441805,8.5339E-08,3.00182E-05,4.55118E-06,0.001317767,3,2,11,18,10.5,8246.622195,2479375.452
10,4.8113E+11,4.8113E+11,48,113,11401,3,206,"Dallas-Fort Worth, TX-OK",19100,"Dallas-Fort Worth-Arlington, TX",7189384,3545715,3364458,187.1542813,0,187.1542813,176.4912,1790,832,727,0.578,227,0.312242091,396,0.544704264,104,0.143053645,751,269,358,124,0.358189081,0,0,0,0,0,0,0,0,0,0,0,0,0,0,0,0,0,0,4.714116058,10.14214873,0,0,0,0,0,0,0,0,0,0,0,0,0,0,4.714116058,0,0,0,0,0,0,0,0,0,0.367879441,0,1,0,0,16.44730515,0,7.05242852,9.394876635,53.59257576,0,13.6785543,17.09819288,41.03566291,0,619.6,0,0,4,13.6785543,0.002234637,233145,192620,9,678,0.000213972,0.422570823,0.000226864,0.533659147,3.49114E-08,1.22802E-05,6.02676E-06,0.001745012,1,1,10,15,8.666666667,3669.658355,757402.0068
11,4.8113E+11,4.8113E+11,48,113,11500,2,206,"Dallas-Fort Worth, TX-OK",19100,"Dallas-Fort Worth-Arlington, TX",7189384,3545715,3364458,157.8136273,0,157.8136273,121.40259,1760,534,457,0.583,78,0.170678337,154,0.336980306,225,0.492341357,460,144,205,111,0.313043478,11,0,11,0,0,0,0,11,0,0,0,0,0,0,5,6,0,0.454545455,4.398588201,14.49721954,0.090607622,0,0.090607622,0,0,0,0,0.090607622,0,0,0,0,0,0,4.489195824,0,0.024070022,0,0,0,0,0.160687882,0.021945927,0.024432022,0,0.01242236,0.04670913,41.81818182,0,9.757148249,0,0.971792793,8.785355456,37.86947998,0,0,0,56.77583206,0,422.45,0,0.245427216,1.67,6.772545681,0.000948864,326061,238435,55494,25788,0.000299248,0.590979283,0.000280824,0.660590898,0.000215264,0.075719619,0.00022923,0.066372228,2,1,8,16,8.5,3902.336508,638662.3872
12,4.8113E+11,4.8113E+11,48,113,11500,1,206,"Dallas-Fort Worth, TX-OK",19100,"Dallas-Fort Worth-Arlington, TX",7189384,3545715,3364458,42.4280584,0,42.4280584,42.42806,705,309,212,0.475,16,0.075471698,151,0.712264151,45,0.212264151,289,84,132,73,0.290657439,5,1,4,0,0,0,1,4,0,0,0,0,0,0,1,3,1,0.2,7.28291607,16.61636191,0.117846538,0.023569308,0.094277231,0,0,0,0.023569308,0.094277231,0,0,0,0,0,0,7.400762609,0,0.023584906,0.721928095,0.310917507,0.721928095,0.240642698,0.11030362,0.047195783,0.052542251,0,0.014084507,0.034013605,57.8,0,21.70899154,0,0.740936288,20.96805526,155.9270032,0,0,0,165.9279323,45.25307243,352.71,0.04805863,0.950628791,4.67,70.44394942,0.006624113,336064,245956,55491,25662,0.000308428,0.609109528,0.000289682,0.681428041,0.000215252,0.075715525,0.00022811,0.066047934,2,3,18,17,12.5,2628.841414,171703.7317
13,4.8113E+11,4.8113E+11,48,113,12301,2,206,"Dallas-Fort Worth, TX-OK",19100,"Dallas-Fort Worth-Arlington, TX",7189384,3545715,3364458,168.0655592,0,168.0655592,158.43342,1207,397,397,0.583,0,0,102,0.256926952,295,0.743073048,601,148,250,203,0.24625624,42,12,0,1,5,24,12,0,1,4,24,0,1,0,17,18,7,0.404761905,2.505784449,7.61834214,0.265095584,0.075741595,0,0.0063118,0.031558998,0.151483191,0.075741595,0,0.0063118,0.025247198,0.151483191,0,0.0063118,0,2.770880033,0,0.105793451,0.73582192,0.633802503,0.670816492,0.519195887,0.256648378,0.425196584,0.471609614,0.134592195,0.067253803,0.130637636,14.30952381,1.65862E-06,22.62939224,0,2.698713717,19.93067852,149.8310547,0,3.808037786,11.42411336,140.8973981,41.88841565,571.32,0,0,7.33,27.91291697,0.006072908,302702,244333,226908,85864,0.000277809,0.548641546,0.000287771,0.676931474,0.000880186,0.309608017,0.000763247,0.220993679,4,9,18,15,13.16666667,3419.146959,680150.457
14,4.8113E+11,4.8113E+11,48,113,12301,3,206,"Dallas-Fort Worth, TX-OK",19100,"Dallas-Fort Worth-Arlington, TX",7189384,3545715,3364458,63.8019613,0,63.8019613,63.8019613,1305,402,364,0.526,85,0.233516484,84,0.230769231,195,0.535714286,386,98,169,119,0.25388601,59,0,8,0,23,28,0,8,0,0,28,0,23,0,35,19,5,0.593220339,6.300746745,20.45391667,0.924736463,0,0.125387995,0,0.360490485,0.438857982,0,0.125387995,0,0,0.438857982,0,0.360490485,0,7.225483208,0,0.162087912,0.902850608,0.616291418,0.902850608,0.476994786,0.391234336,0.483450404,0.538216997,0.345468366,0.086510264,0.265168539,6.542372881,0.003917221,25.90359744,1.7816168,11.71083436,12.41114628,103.6808252,0,20.06207919,20.06207919,60.18623757,30.09311878,264.2,0,0,8.33,83.55855982,0.006383142,317760,249413,220417,87897,0.000291629,0.575933881,0.000293754,0.691005757,0.000855007,0.300751274,0.000781319,0.226226141,7,7,15,18,13.33333333,2651.328236,258202.64
15,4.8329E+11,4.8329E+11,48,329,304,3,372,"Midland-Odessa, TX",33260,"Midland, TX",169808,95348,74566,108.7902228,0,108.7902228,108.79022,1004,608,555,0.753,0,0,251,0.452252252,304,0.547747748,548,72,145,331,0.131386861,291,38,34,17,202,0,38,34,17,161,0,0,41,0,109,125,57,0.374570447,5.588737664,9.228770748,2.674872796,0.349296104,0.312528093,0.156264047,1.856784553,0,0.349296104,0.312528093,0.156264047,1.479912441,0,0,0.376872112,0,8.263610461,0,0.524324324,0.675185833,0.581573421,0.799163458,0.618533362,0.599957518,0.523950402,0.573727439,0.855500531,0.449420849,0.693682956,1.883161512,0.413473641,16.86616548,0,2.578013666,14.28815181,80.41310859,0,17.6486448,17.6486448,23.5315264,35.2972896,-99999,0,0,-99999,-99999,-99999,40808,38095,-99999,-99999,0.011019858,0.903971823,0.011762864,0.933083499,-99999,-99999,-99999,-99999,13,12,12,1,8.5,2702.380332,440266.9662
16,4.8329E+11,4.8329E+11,48,329,305,2,372,"Midland-Odessa, TX",33260,"Midland, TX",169808,95348,74566,153.2234977,0,153.2234977,149.32114,960,347,347,0.572,0,0,82,0.236311239,265,0.763688761,495,95,114,286,0.191919192,501,130,36,68,184,83,130,36,68,120,83,3,61,0,191,190,120,0.381237525,2.323850461,6.429096376,3.355184671,0.870606801,0.241091114,0.455394327,1.232243472,0.555848957,0.870606801,0.241091114,0.455394327,0.803637047,0.555848957,0.020090926,0.408515499,0,5.679035132,0,1.443804035,0.917113955,0.917113955,0.892895857,0.835558526,0.864296465,0.793213267,0.860157232,0.500771486,0.685831622,0.993975904,0.988023952,0.98809538,16.3286539,0.951075386,0.165537625,15.21204089,91.92114925,0,0,0,87.71500587,33.41524033,-99999,0,0,-99999,-99999,-99999,40020,36683,-99999,-99999,0.010807065,0.886516182,0.011326871,0.898498543,-99999,-99999,-99999,-99999,20,20,14,1,11.66666667,3161.264393,620086.9883
17,4.8113E+11,4.8113E+11,48,113,12302,1,206,"Dallas-Fort Worth, TX-OK",19100,"Dallas-Fort Worth-Arlington, TX",7189384,3545715,3364458,163.1151578,0,163.1151578,155.00437,3751,1386,1241,0.493,381,0.307010475,479,0.385979049,381,0.307010475,1311,435,552,324,0.33180778,197,19,22,0,154,2,19,22,0,2,2,0,152,0,54,98,45,0.274111675,8.941683386,24.19931774,1.27093191,0.122577189,0.141931482,0,0.993520376,0.012902862,0.122577189,0.141931482,0,0.012902862,0.012902862,0,0.980617514,0,10.2126153,0,0.158742949,0.511779093,0.440822517,0.474489936,0.367243838,0.308596962,0.397709018,0.44276259,0.21130481,0.099797366,0.26127321,6.654822335,0.003500595,21.31375432,0,5.830781418,15.48297291,40.55441621,0,7.847216759,7.847216759,23.54165028,11.77082514,473.42,0,0,1,3.92360838,0.000266596,329015,263217,38040,16871,0.000301959,0.596333351,0.000310012,0.729250129,0.000147559,0.051904247,0.000149967,0.043421974,5,5,9,16,10,3608.995574,660119.2402
18,4.8113E+11,4.8113E+11,48,113,12302,2,206,"Dallas-Fort Worth, TX-OK",19100,"Dallas-Fort Worth-Arlington, TX",7189384,3545715,3364458,190.6902823,0,190.6902823,187.97663,2855,1061,963,0.51,185,0.192107996,385,0.399792316,393,0.408099688,1149,317,472,360,0.27589208,112,3,9,18,82,0,3,9,18,33,0,0,49,0,31,42,39,0.276785714,5.644318658,15.18805822,0.595818746,0.015959431,0.047878292,0.095756584,0.436224439,0,0.015959431,0.047878292,0.095756584,0.175553738,0,0,0.260670701,0,6.240137404,0,0.116303219,0.592685823,0.510511781,0.817113022,0.632425894,0.260828702,0.307652981,0.331755828,0.051512522,0.075497135,0.177636796,10.25892857,9.52573E-05,18.06219858,0.421328107,2.627255242,15.01361523,80.57631367,0,0,6.712455321,80.54946385,20.13736596,519.01,0,0,5.33,17.88869343,0.0018669,324006,256403,71081,38031,0.000297361,0.587254635,0.000301987,0.710371749,0.000275726,0.096987534,0.000338059,0.097882822,4,13,12,15,11.83333333,5802.226271,771711.7197
19,4.8113E+11,4.8113E+11,48,113,13105,3,206,"Dallas-Fort Worth, TX-OK",19100,"Dallas-Fort Worth-Arlington, TX",7189384,3545715,3364458,105.8383662,0,105.8383662,103.26253,1801,1110,1049,0.835,37,0.035271687,618,0.589132507,394,0.375595806,784,151,258,375,0.192602041,82,0,8,2,70,2,0,8,2,3,2,0,67,0,16,47,19,0.195121951,10.74930084,17.44098271,0.794092494,0,0.077472438,0.01936811,0.677883836,0.01936811,0,0.077472438,0.01936811,0.029052164,0.01936811,0,0.648831672,0,11.54339333,0,0.078169685,0.39188691,0.337553011,0.431392958,0.333887809,0.186060076,0.271482419,0.30067898,0.017385799,0.087095061,0.189376443,9.56097561,0.000191432,21.77121456,0.039852657,6.474571673,15.25679023,92.75426627,0,12.09391307,12.09391307,90.704348,12.09391307,112.65,0,0,6.67,40.33320008,0.003703498,471823,311575,162393,55479,0.000433023,0.855170101,0.000366967,0.863227333,0.00062993,0.221579559,0.000493154,0.142789857,3,4,14,20,12.5,4048.486567,428322.2733
20,4.8113E+11,4.8113E+11,48,113,13104,2,206,"Dallas-Fort Worth, TX-OK",19100,"Dallas-Fort Worth-Arlington, TX",7189384,3545715,3364458,45.4794963,0,45.4794963,45.4794963,689,528,484,0.694,29,0.059917355,342,0.70661157,113,0.233471074,484,79,135,270,0.16322314,27,0,2,0,0,25,0,2,0,0,25,0,0,0,5,17,5,0.185185185,11.60962726,15.14968406,0.593674121,0,0.043975861,0,0,0.54969826,0,0.043975861,0,0,0.54969826,0,0,0,12.20330138,0,0.055785124,0.380946586,0.164064764,0.380946586,0.126982195,0.200925202,0.256584191,0.285650755,0.019740767,0.075418994,0.105675147,17.92592593,4.45824E-08,28.37575586,10.6971639,7.015819643,10.66277233,75.08966189,14.07227547,0,0,112.5782037,0,336.62,0,0.713563518,3.33,46.8606773,0.004833091,499587,327456,182241,61268,0.000458504,0.905491817,0.000385672,0.907226092,0.000706921,0.24866146,0.000544613,0.157689378,3,2,12,17,10.5,2353.993901,184053.2947
21,4.8113E+11,4.8113E+11,48,113,13400,1,206,"Dallas-Fort Worth, TX-OK",19100,"Dallas-Fort Worth-Arlington, TX",7189384,3545715,3364458,258.9331248,0,258.9331248,258.9331248,846,322,308,0.52,0,0,29,0.094155844,279,0.905844156,462,64,83,315,0.138528139,206,0,39,15,144,8,0,39,15,32,8,108,4,0,19,57,130,0.09223301,1.243564338,3.267252889,0.795572216,0,0.150618041,0.057930016,0.556128151,0.030896008,0,0.150618041,0.057930016,0.123584034,0.030896008,0.417096113,0.015448004,0,2.039136555,0,0.668831169,0.636446269,0.548204977,0.745831955,0.642649212,0.63806954,0.509064693,0.55392044,0.728879966,0.391634981,0.616766467,2.242718447,0.288598611,23.38040015,5.74117055,4.053340192,13.58588941,46.15616488,7.415042017,14.83008403,9.886722689,39.54689076,0,-99999,0,0,1.33,3.287335294,0.001572104,437485,282701,-99999,-99999,0.000401509,0.792933138,0.00033296,0.783231101,-99999,-99999,-99999,-99999,14,13,9,1,7.833333333,4703.083904,1047889.148
22,4.8113E+11,4.8113E+11,48,113,13607,2,206,"Dallas-Fort Worth, TX-OK",19100,"Dallas-Fort Worth-Arlington, TX",7189384,3545715,3364458,103.352046,0,103.352046,98.63697,811,341,341,0.517,20,0.058651026,88,0.258064516,233,0.683284457,351,73,60,218,0.207977208,23,0,1,7,15,0,0,1,7,5,0,0,10,0,7,5,11,0.304347826,3.457121605,8.222069271,0.23317829,0,0.010138187,0.070967306,0.152072798,0,0,0.010138187,0.070967306,0.050690933,0,0,0.101381865,0,3.690299895,0,0.06744868,0.707384219,0.48286485,0.860033024,0.573355349,0.205405607,0.208607041,0.219174753,0.001133826,0.055155875,0.122994652,15.26086957,6.40594E-07,24.70315394,0,4.630227629,20.07292631,115.6249969,0,12.384854,24.76970799,86.69397798,24.76970799,598.14,0,0,1.33,8.235927908,0.001639951,441725,300082,137840,54115,0.0004054,0.800618056,0.000353431,0.831385652,0.000534688,0.188077851,0.00048103,0.139279243,3,11,15,15,12.33333333,2752.770825,418257.6493
23,4.8329E+11,4.8329E+11,48,329,305,1,372,"Midland-Odessa, TX",33260,"Midland, TX",169808,95348,74566,93.4351817,0,93.4351817,93.4351817,1217,406,406,0.607,55,0.13546798,153,0.376847291,198,0.487684729,441,79,107,255,0.179138322,52,1,14,11,26,0,1,14,11,9,0,0,17,0,5,25,22,0.096153846,4.345258313,13.02507233,0.556535547,0.010702607,0.149836494,0.117728674,0.278267774,0,0.010702607,0.149836494,0.117728674,0.09632346,0,0,0.181944314,0,4.90179386,0,0.128078818,0.796679961,0.686222767,0.886613583,0.686217662,0.297769399,0.290144731,0.307710968,0.018192853,0.081954295,0.210953347,8.480769231,0.000563824,17.63052928,0,1.677048351,15.95348093,57.09883475,0,6.849668277,6.849668277,47.94767794,13.69933655,-99999,0,0,-99999,-99999,-99999,38618,34439,-99999,-99999,0.010428467,0.855459318,0.010633975,0.843534916,-99999,-99999,-99999,-99999,5,15,10,1,7,2696.023179,378125.5601
24,4.8329E+11,4.8329E+11,48,329,305,5,372,"Midland-Odessa, TX",33260,"Midland, TX",169808,95348,74566,159.0140391,0,159.0140391,159.0140391,1572,541,541,0.403,44,0.081330869,129,0.23844732,368,0.680221811,568,110,134,324,0.193661972,51,0,14,15,5,17,0,11,15,5,17,0,0,3,10,22,19,0.196078431,3.40221532,9.885919563,0.320726398,0,0.088042541,0.094331294,0.031443765,0.106908799,0,0.069176282,0.094331294,0.031443765,0.106908799,0,0,0.018866259,3.722941719,0,0.094269871,0.944027998,0.813141458,0.90176231,0.697942415,0.252434872,0.282431155,0.298354051,0.005451307,0.06284658,0.164781906,11.1372549,3.95773E-05,19.29204539,0,4.018042806,15.27400258,75.14707549,0,32.19841486,16.09920743,20.12400929,24.14881115,-99999,0,0,-99999,-99999,-99999,42583,37963,-99999,-99999,0.011499182,0.943291319,0.011722106,0.929850344,-99999,-99999,-99999,-99999,4,15,12,1,7.5,3212.635346,643520.7777
25,4.8329E+11,4.8329E+11,48,329,401,1,372,"Midland-Odessa, TX",33260,"Midland, TX",169808,95348,74566,328.7850825,0,328.7850825,328.78229,1529,597,572,0.623,16,0.027972028,131,0.229020979,425,0.743006993,758,123,240,395,0.162269129,477,38,79,257,34,69,38,9,257,32,69,0,2,70,40,99,338,0.083857442,1.815791234,4.650493796,1.450808071,0.115578001,0.240280582,0.781672273,0.103411896,0.209865318,0.115578001,0.027373737,0.781672273,0.097328843,0.209865318,0,0.006083053,0.212906845,3.266599305,0,0.833916084,0.808033123,0.808033123,0.706692809,0.661312512,0.714600977,0.724554571,0.727481777,0.885176148,0.47557328,0.772469636,1.589098532,0.554827218,13.69744332,0,0.944381533,12.75306178,65.55820549,0,15.57248267,3.893120668,56.45024969,13.62592234,-99999,0,0,-99999,-99999,-99999,42889,39861,-99999,-99999,0.011581815,0.950069778,0.012308164,0.976339187,-99999,-99999,-99999,-99999,17,14,11,1,9.166666667,4714.972046,1330575.971
26,4.8329E+11,4.8329E+11,48,329,402,1,372,"Midland-Odessa, TX",33260,"Midland, TX",169808,95348,74566,185.8486049,0,185.8486049,185.8486049,994,396,376,0.542,0,0,140,0.372340426,236,0.627659574,674,122,193,359,0.181008902,294,14,28,12,195,45,14,28,12,26,45,96,73,0,94,113,87,0.319727891,2.1307666,5.348439395,1.581932779,0.075330132,0.150660265,0.064568685,1.049241129,0.242132568,0.075330132,0.150660265,0.064568685,0.139898817,0.242132568,0.516549479,0.392792833,0,3.712699379,0,0.781914894,0.658045087,0.658045087,0.880118654,0.823601812,0.64203415,0.637699025,0.702649708,0.60206825,0.456521739,0.607438017,2.292517007,0.274578796,21.99131358,0.410014171,2.691942893,18.88935652,129.7365671,0,27.54930554,6.887326384,48.21128469,72.31692703,-99999,0,0,-99999,-99999,-99999,43715,40072,-99999,-99999,0.011804869,0.968367189,0.012373316,0.981507336,-99999,-99999,-99999,-99999,15,19,16,1,11.33333333,4215.146269,752120.4866
27,4.8329E+11,4.8329E+11,48,329,402,2,372,"Midland-Odessa, TX",33260,"Midland, TX",169808,95348,74566,106.8450516,0,106.8450516,104.0077115,995,342,327,0.523,0,0,61,0.186544343,266,0.813455657,437,71,134,232,0.162471396,148,4,5,43,54,42,4,5,43,44,42,10,0,0,40,73,35,0.27027027,3.28821772,9.566598338,1.422971411,0.038458687,0.048073358,0.413430883,0.519192272,0.403816211,0.038458687,0.048073358,0.413430883,0.423045555,0.403816211,0.096146717,0,0,4.711189131,0,0.452599388,0.805536318,0.805536318,0.82114336,0.707541597,0.571677205,0.64239526,0.683317632,0.980567419,0.258967629,0.505982906,2.952702703,0.141890066,22.23695894,0,3.943394671,18.29356427,123.8249203,0,35.9398956,23.9599304,59.899826,35.9398956,-99999,0,0,-99999,-99999,-99999,43732,39128,-99999,-99999,0.01180946,0.96874377,0.012081831,0.958385382,-99999,-99999,-99999,-99999,12,16,16,1,10.33333333,2684.854495,432393.7297
28,4.8329E+11,4.8329E+11,48,329,402,3,372,"Midland-Odessa, TX",33260,"Midland, TX",169808,95348,74566,211.9984566,0,211.9984566,196.8977,1414,737,610,0.623,32,0.052459016,244,0.4,334,0.547540984,748,120,227,401,0.160427807,193,17,18,0,138,20,17,18,0,96,20,0,42,0,103,55,35,0.533678756,3.743060483,7.181394196,0.980204441,0.086339251,0.091418031,0,0.700871569,0.10157559,0.086339251,0.091418031,0,0.487562831,0.10157559,0,0.213308738,0,4.723264924,0,0.316393443,0.656434593,0.565421982,0.838427726,0.648922964,0.478553172,0.565923707,0.630033103,0.814212739,0.240199129,0.410201913,3.875647668,0.056379612,20.76541462,0,1.892619618,18.872795,126.8296026,0,21.13222932,3.018889903,87.54780718,51.32112834,-99999,0,0,-99999,-99999,-99999,42950,38995,-99999,-99999,0.011598287,0.95142104,0.012040764,0.955127734,-99999,-99999,-99999,-99999,9,13,16,1,9.333333333,3768.254846,857945.3618
29,4.8113E+11,4.8113E+11,48,113,13608,1,206,"Dallas-Fort Worth, TX-OK",19100,"Dallas-Fort Worth-Arlington, TX",7189384,3545715,3364458,480.5892378,0,480.5892378,427.64127,1306,461,461,0.466,0,0,42,0.091106291,419,0.908893709,635,94,115,426,0.148031496,314,97,14,37,55,111,97,14,37,54,111,0,1,0,160,103,51,0.50955414,1.078006339,3.05396156,0.734260283,0.226825629,0.03273772,0.086521116,0.12861247,0.259563349,0.226825629,0.03273772,0.086521116,0.126274061,0.259563349,0,0.002338409,0,1.812266622,0,0.681127983,0.88619476,0.88619476,0.804903371,0.693548344,0.699268285,0.74105802,0.808599461,0.657706607,0.387654321,0.66174921,2.022292994,0.359769046,19.13139719,1.898474652,3.530192189,13.70273035,79.04030513,7.990191411,2.663397137,13.31698568,75.9068184,13.31698568,761.76,0,0,5.67,7.550730883,0.004341501,459708,306179,116366,56137,0.000421904,0.833211897,0.000360612,0.848277563,0.000451389,0.15877733,0.000499003,0.144483394,16,15,12,14,13.83333333,5853.383136,1944918.692
30,4.8113E+11,4.8113E+11,48,113,13610,1,206,"Dallas-Fort Worth, TX-OK",19100,"Dallas-Fort Worth-Arlington, TX",7189384,3545715,3364458,107.2058176,0,107.2058176,107.2058176,1623,502,502,0.608,7,0.013944223,177,0.352589641,318,0.633466135,639,120,231,288,0.187793427,328,142,34,33,76,43,142,34,33,34,43,0,42,0,72,184,72,0.219512195,4.682581703,15.13910379,3.059535456,1.324554984,0.317146968,0.307819116,0.708916752,0.401097636,1.324554984,0.317146968,0.307819116,0.317146968,0.401097636,0,0.391769784,0,7.742117159,0,0.653386454,0.890768257,0.890768257,0.889046453,0.76605058,0.69069235,0.757690522,0.827933643,0.768404717,0.336237827,0.678386763,1.948170732,0.387449124,30.94881309,0,1.771584945,29.17722814,111.4506681,0,0,11.93965056,41.78877696,71.63790335,488.17,0,0,3,17.90947584,0.001848429,446558,300787,341424,158836,0.000409835,0.809377775,0.000354261,0.833338874,0.001324399,0.465861087,0.001411897,0.408806391,16,18,15,16,16,2844.178847,433858.4669
31,4.8113E+11,4.8113E+11,48,113,13610,3,206,"Dallas-Fort Worth, TX-OK",19100,"Dallas-Fort Worth-Arlington, TX",7189384,3545715,3364458,123.4766113,0,123.4766113,123.4766113,1654,480,435,0.64,0,0,93,0.213793103,342,0.786206897,628,137,185,306,0.218152866,19,0,0,6,13,0,0,0,6,13,0,0,0,0,5,9,5,0.263157895,3.887375876,13.39524937,0.153875295,0,0,0.048592198,0.105283097,0,0,0,0.048592198,0.105283097,0,0,0,0,4.041251171,0,0.043678161,0.899743759,0.387498545,0.899743759,0.299914586,0.181938989,0.161154696,0.169664453,2.67194E-05,0.022713688,0.058732612,33.05263158,1.2E-14,35.02916678,0,0.550345121,34.47882166,157.2521289,0,10.36633567,10.36633567,77.74751752,88.11385319,512.31,0,0,2,10.36633567,0.00120919,520187,343791,355551,138047,0.00047741,0.94282892,0.000404911,0.95248267,0.001379198,0.485136883,0.001227103,0.35530041,3,4,18,15,12.16666667,3650.892378,499703.5117
32,4.8113E+11,4.8113E+11,48,113,14901,1,206,"Dallas-Fort Worth, TX-OK",19100,"Dallas-Fort Worth-Arlington, TX",7189384,3545715,3364458,165.3212666,0,165.3212666,148.28137,1436,360,351,0.545,15,0.042735043,92,0.262108262,244,0.695156695,627,150,273,204,0.23923445,1427,23,837,122,44,401,23,98,122,25,401,0,19,739,158,308,961,0.110721794,2.427816792,9.684291425,9.623596005,0.155110517,5.644674041,0.822760135,0.296733163,2.704318149,0.155110517,0.660905682,0.822760135,0.168598388,2.704318149,0,0.128134775,4.983768359,12.0514128,0,4.065527066,0.65469579,0.65469579,0.661163415,0.61870679,0.749249406,0.589973093,0.629463947,0.43891889,0.996856444,0.610516066,0.439383322,0.57085692,27.55935552,3.514742537,6.753260673,17.29135231,213.003933,11.61375085,15.48500113,23.22750169,240.0175175,19.35625141,476.1,0.117096314,0.522975693,26.67,103.246245,0.018572423,376694,264131,56255,26882,0.000345717,0.682750621,0.000311089,0.731782392,0.000218216,0.076757977,0.000238955,0.069187926,17,12,19,16,16.5,3293.879958,669047.2914
33,4.8113E+11,4.8113E+11,48,113,15202,1,206,"Dallas-Fort Worth, TX-OK",19100,"Dallas-Fort Worth-Arlington, TX",7189384,3545715,3364458,104.8388467,0,104.8388467,97.69897,1060,383,364,0.625,31,0.085164835,121,0.332417582,212,0.582417582,550,99,262,189,0.18,172,41,17,13,77,24,41,17,13,66,24,0,11,0,75,66,31,0.436046512,3.920205095,10.84965379,1.76050986,0.41965642,0.174003882,0.133061792,0.788135228,0.245652539,0.41965642,0.174003882,0.133061792,0.675544481,0.245652539,0,0.112590747,0,5.680714955,0,0.472527473,0.870075962,0.870075962,0.884009183,0.761710196,0.601031177,0.701397269,0.770207413,0.914309471,0.279220779,0.476454294,3.197674419,0.11106114,33.64085033,6.839274471,4.111967093,22.68960876,246.302595,30.52303703,30.52303703,42.73225184,219.7658666,36.62764444,560.59,0,0,3.33,20.32834266,0.003141509,421251,294481,56007,27094,0.00038661,0.763509325,0.000346834,0.815867923,0.000217254,0.076419589,0.000240839,0.069733564,13,18,20,15,16.83333333,2811.501083,424277.0899
34,4.8113E+11,4.8113E+11,48,113,15204,2,206,"Dallas-Fort Worth, TX-OK",19100,"Dallas-Fort Worth-Arlington, TX",7189384,3545715,3364458,89.7800785,0,89.7800785,89.7800785,796,233,233,0.649,0,0,57,0.244635193,176,0.755364807,430,88,152,190,0.204651163,119,55,12,5,24,23,55,12,5,14,23,0,10,0,57,46,16,0.478991597,2.595230522,8.866109423,1.325461082,0.612608063,0.133659941,0.055691642,0.267319882,0.256181554,0.612608063,0.133659941,0.055691642,0.155936598,0.256181554,0,0.111383284,0,3.920691604,0,0.510729614,0.846146666,0.846146666,0.836496585,0.720770768,0.613996464,0.730890734,0.806951299,0.867167971,0.26010929,0.433515483,3.613445378,0.073281625,19.25665884,0,0,19.25665884,71.30668749,0,0,0,64.15677171,28.51412076,560.59,0,0,2,14.25706038,0.002512563,343658,245555,33259,18626,0.000315397,0.622873507,0.00028921,0.680317059,0.000129013,0.04538074,0.000165567,0.04793893,14,16,12,15,14,2622.966465,363335.2316
35,4.8113E+11,4.8113E+11,48,113,15204,6,206,"Dallas-Fort Worth, TX-OK",19100,"Dallas-Fort Worth-Arlington, TX",7189384,3545715,3364458,78.9205277,0,78.9205277,78.91825,1592,452,452,0.545,0,0,115,0.254424779,337,0.745575221,656,128,268,260,0.195121951,4,0,0,4,0,0,0,0,4,0,0,0,0,0,0,2,2,0,5.727445806,20.17277372,0.050685361,0,0,0.050685361,0,0,0,0,0.050685361,0,0,0,0,0,5.778131167,0,0.008849558,0,0,0,0,0.072537183,0.006664101,0,0,0.005012531,0.012121212,164,0,24.61071549,0,3.161543323,21.44917217,78.42623688,0,0,0,105.4225085,8.109423729,291.02,0,0,1,8.109423729,0.000628141,361524,261583,33164,18120,0.000331794,0.655255288,0.000308088,0.724723086,0.000128645,0.045251116,0.000161069,0.046636605,1,1,12,18,10.33333333,2976.524659,319385.3505
36,4.8113E+11,4.8113E+11,48,113,17201,4,206,"Dallas-Fort Worth, TX-OK",19100,"Dallas-Fort Worth-Arlington, TX",7189384,3545715,3364458,218.8670953,0,218.8670953,207.65378,1398,411,322,0.521,0,0,211,0.655279503,111,0.344720497,470,117,207,146,0.24893617,1182,797,48,113,66,158,797,48,113,55,158,2,9,0,282,641,259,0.23857868,1.979256048,6.732359989,5.692167029,3.838119393,0.231153991,0.544175021,0.317836738,0.760881887,3.838119393,0.231153991,0.544175021,0.264863948,0.760881887,0.009631416,0.043341373,0,7.671423077,0,3.670807453,0.652635928,0.652635928,0.554983338,0.519345068,0.750563169,0.639995819,0.690319177,0.419975426,0.91627907,0.569007264,0.397631134,0.547513113,18.09463503,1.67905903,3.912328213,12.50324779,76.0541916,2.92414901,23.39319208,11.69659604,55.55883119,11.69659604,87.17,0,0,2.67,7.807477856,0.001909871,220394,198439,3087,6120,0.00020227,0.399459881,0.000233718,0.549780851,1.19746E-05,0.004212103,5.44008E-05,0.015751436,18,9,12,20,15.16666667,3947.038047,885744.6165
37,4.8113E+11,4.8113E+11,48,113,18124,1,206,"Dallas-Fort Worth, TX-OK",19100,"Dallas-Fort Worth-Arlington, TX",7189384,3545715,3364458,3862.366973,32.4654806,3829.901493,3408.05286,8441,2912,2745,0.622,41,0.014936248,349,0.127140255,2355,0.857923497,3588,691,856,2041,0.192586399,331,18,23,107,177,6,18,23,107,89,6,0,88,0,84,157,90,0.253776435,0.854446841,2.476780833,0.097122907,0.005281608,0.006748722,0.031396227,0.051935814,0.001760536,0.005281608,0.006748722,0.031396227,0.026114618,0.001760536,0,0.025821196,0,0.951569748,0,0.120582878,0.693485584,0.693485584,0.829781689,0.71498485,0.257616169,0.317686811,0.333330639,0.024715061,0.075467396,0.168920643,10.83987915,5.32837E-05,8.684081255,1.51623409,1.55778409,5.610063075,29.92352681,1.336849005,8.02109403,0.835530628,26.56987397,6.015820522,-99999,0,0,-99999,-99999,-99999,183378,168847,-99999,-99999,0.000168298,0.332369094,0.000198865,0.46779538,-99999,-99999,-99999,-99999,4,16,7,1,6,21248.82418,15630789.48
38,4.8113E+11,4.8113E+11,48,113,19026,5,206,"Dallas-Fort Worth, TX-OK",19100,"Dallas-Fort Worth-Arlington, TX",7189384,3545715,3364458,150.0556757,0,150.0556757,150.0556757,893,328,312,0.531,0,0,81,0.259615385,231,0.740384615,367,73,111,183,0.198910082,60,46,2,3,9,0,46,2,3,9,0,0,0,0,23,25,12,0.383333333,2.18585534,5.951124447,0.399851587,0.306552883,0.013328386,0.019992579,0.059977738,0,0.306552883,0.013328386,0.019992579,0.059977738,0,0,0,0,2.585706926,0,0.192307692,0.542044777,0.466891958,0.542044777,0.361363185,0.349813009,0.416805143,0.458563955,0.195162698,0.125918153,0.281030445,6.116666667,0.005995976,24.69912394,2.847126436,4.161277854,17.69071965,85.33152738,21.32541795,4.26508359,12.79525077,85.3016718,12.79525077,654.47,0,0,3,12.79525077,0.003359462,254438,216539,54278,29514,0.000233514,0.461163975,0.000255036,0.599927412,0.000210547,0.074060429,0.000262351,0.075962073,6,5,13,14,10.83333333,3256.005389,607268.2482
39,4.8113E+11,4.8113E+11,48,113,7909,1,206,"Dallas-Fort Worth, TX-OK",19100,"Dallas-Fort Worth-Arlington, TX",7189384,3545715,3364458,28.053263,0,28.053263,28.053263,1016,699,655,0.894,26,0.039694656,502,0.766412214,127,0.19389313,589,106,151,332,0.179966044,25,0,24,0,1,0,0,24,0,0,0,1,0,0,2,10,13,0.08,24.91688756,36.21682084,0.89116193,0,0.855515453,0,0.035646477,0,0,0.855515453,0,0,0,0.035646477,0,0,25.80804949,0,0.038167939,0.242292189,0.104349566,0.242292189,0.080764063,0.149003125,0.046147212,0.051374895,0,0.04803074,0.081433225,23.56,1.59337E-10,19.63437015,0,17.51046603,2.123904122,22.81374541,0,0,22.81374541,0,0,185.07,0,0.153799012,8.67,197.7951727,0.008533465,430908,289834,329523,136312,0.000395472,0.781012452,0.000341361,0.802993279,0.001278234,0.449622589,0.001211681,0.350834929,2,2,7,19,9.333333333,1326.309223,113529.6496
40,4.8113E+11,4.8113E+11,48,113,13804,2,206,"Dallas-Fort Worth, TX-OK",19100,"Dallas-Fort Worth-Arlington, TX",7189384,3545715,3364458,146.6177734,0,146.6177734,146.592,1799,574,555,0.472,17,0.030630631,155,0.279279279,383,0.69009009,664,148,207,309,0.222891566,26,0,0,0,26,0,0,0,0,1,0,0,25,0,5,17,4,0.192307692,3.915629775,12.27215673,0.177363021,0,0,0,0.177363021,0,0,0,0,0.006821655,0,0,0.170541367,0,4.092992796,0,0.046846847,0,0,0.235193382,0.078397794,0.263664007,0.201002157,0.223772235,0.001395585,0.028493151,0.075362319,25.53846154,2.2033E-11,23.91403828,0,3.770141056,20.14389723,97.52050975,0,8.730183049,8.730183049,91.66692201,21.82545762,582.05,0,0,2,8.730183049,0.001111729,494768,323090,201948,74612,0.000454081,0.896757472,0.00038053,0.895129965,0.000783365,0.275550971,0.000663228,0.192033685,4,2,14,15,10.66666667,3162.817234,593351.6599
41,4.8113E+11,4.8113E+11,48,113,9304,1,206,"Dallas-Fort Worth, TX-OK",19100,"Dallas-Fort Worth-Arlington, TX",7189384,3545715,3364458,293.2787893,0,293.2787893,293.2787893,1174,424,379,0.618,63,0.166226913,200,0.527704485,116,0.306068602,257,83,115,59,0.322957198,1542,59,0,1113,245,125,59,0,1113,0,125,245,0,0,171,477,894,0.110894942,1.445723371,4.003017071,5.257795846,0.201173771,0,3.79502385,0.835382608,0.426215617,0.201173771,0,3.79502385,0,0.426215617,0.835382608,0,0,6.703519217,0,4.068601583,0.61756978,0.531945655,0.61756978,0.411713187,0.735568074,0.812050672,0.775220359,0.473671412,0.864506627,0.285714286,0.166666667,0.434598209,25.66449769,9.143330954,10.21176204,6.30940469,38.56644399,26.18668748,19.64001561,8.728895827,21.82223957,2.182223957,606.19,0.18047231,0.573594966,27.67,60.38213688,0.023568995,285521,228915,13890,26442,0.000262041,0.517501314,0.000269612,0.63421547,5.38799E-05,0.018952418,0.000235044,0.06805547,17,6,8,15,11.5,5495.696531,1186879.467
42,4.83397E+11,4.83397E+11,48,339,694201,3,288,"Houston-The Woodlands, TX",26420,"Houston-The Woodlands-Sugar Land, TX",6779104,2975382,2886903,3620.350562,1441.682217,2178.668345,2178.668345,2752,1391,1049,0.555,16,0.015252622,298,0.284080076,735,0.700667302,1703,365,599,739,0.214327657,189,0,5,42,61,81,0,5,42,42,81,1,18,0,61,81,47,0.322751323,0.6384634,1.263156922,0.086750239,0,0.00229498,0.019277831,0.027998754,0.037178674,0,0.00229498,0.019277831,0.019277831,0.037178674,0.000458996,0.008261928,0,0.72521364,0,0.180171592,0.835645551,0.719785899,0.769843255,0.663338649,0.375386121,0.482562871,0.520444846,0.330103155,0.128527712,0.199788584,9.010582011,0.000331931,9.636501882,0.002723267,0.762508699,8.871269916,31.05339101,0,2.643816813,2.937574236,36.42592053,2.056301966,-99999,0,0,-99999,-99999,-99999,17321,20291,-99999,-99999,2.46049E-05,0.031668285,3.70979E-05,0.060102783,-99999,-99999,-99999,-99999,7,14,8,1,6.5,17446.46873,14651358.14
43,4.83397E+11,4.83397E+11,48,339,690202,5,288,"Houston-The Woodlands, TX",26420,"Houston-The Woodlands-Sugar Land, TX",6779104,2975382,2886903,2800.11249,11.6539773,2788.458513,2788.458513,2235,704,704,0.614,2,0.002840909,20,0.028409091,682,0.96875,1035,188,244,603,0.181642512,280,17,18,211,31,3,17,18,211,26,3,0,5,0,84,81,115,0.3,0.252469239,0.801518111,0.100413902,0.006096558,0.006455179,0.075669048,0.011117253,0.001075863,0.006096558,0.006455179,0.075669048,0.009324148,0.001075863,0,0.001793105,0,0.352883142,0,0.397727273,0.529373512,0.529373512,0.502806184,0.433245044,0.468611629,0.42232224,0.375202037,0.050199381,0.222664016,0.425855513,3.696428571,0.067445962,5.124873002,0,1.01444753,4.110425472,7.730378595,0,1.836139923,0.918069962,8.033112165,0.22951749,-99999,0,0,-99999,-99999,-99999,63976,62980,-99999,-99999,9.08796E-05,0.11696843,0.000115146,0.18654937,-99999,-99999,-99999,-99999,9,6,5,1,4.5,19650.80385,11331901.16
44,4.83397E+11,4.83397E+11,48,339,692001,6,288,"Houston-The Woodlands, TX",26420,"Houston-The Woodlands-Sugar Land, TX",6779104,2975382,2886903,739.9174755,0,739.9174755,739.9174755,1062,626,487,0.64,0,0,264,0.542094456,223,0.457905544,943,162,230,551,0.171792153,53,0,0,15,26,12,0,0,15,3,12,0,23,0,17,19,17,0.320754717,0.846040296,1.435295199,0.07162961,0,0,0.020272531,0.035139054,0.016218025,0,0,0.020272531,0.004054506,0.016218025,0,0.031084548,0,0.917669906,0,0.108829569,0.94931646,0.648009296,0.878868516,0.585912344,0.305387234,0.365984908,0.391391718,0.051701003,0.095067265,0.106425703,17.79245283,5.09484E-08,7.996682276,0.031621169,0.105348509,7.859712598,29.70882663,0,0.864961325,0,34.598453,6.054729275,-99999,0,0,-99999,-99999,-99999,116160,106057,-99999,-99999,0.000165008,0.212377343,0.000193903,0.314145229,-99999,-99999,-99999,-99999,5,11,7,1,5.333333333,8390.731587,2994405.977
45,4.8113E+11,4.8113E+11,48,113,16518,2,206,"Dallas-Fort Worth, TX-OK",19100,"Dallas-Fort Worth-Arlington, TX",7189384,3545715,3364458,226.0090266,3.7131717,222.2958549,174.71059,1250,501,371,0.561,43,0.115902965,30,0.080862534,298,0.803234501,823,213,280,330,0.258809235,83,0,2,5,34,42,0,2,5,4,42,0,30,0,44,31,8,0.530120482,2.867599497,7.154689364,0.475071374,0,0.011447503,0.028618757,0.194607551,0.240397563,0,0.011447503,0.028618757,0.022895006,0.240397563,0,0.171712545,0,3.342670871,0,0.223719677,0.699202193,0.602259987,0.694450812,0.537488284,0.405637687,0.538240207,0.593328609,0.657714258,0.124531133,0.183222958,9.915662651,0.000134269,20.9056634,0,3.543416938,17.36224646,98.87507803,0,0,14.39523018,83.49233506,28.79046037,-99999,0,0,-99999,-99999,-99999,285647,240499,-99999,-99999,0.000262157,0.517729687,0.000283255,0.666309269,-99999,-99999,-99999,-99999,7,9,14,1,7.666666667,4034.637356,914646.4585
46,4.8113E+11,4.8113E+11,48,113,11001,1,206,"Dallas-Fort Worth, TX-OK",19100,"Dallas-Fort Worth-Arlington, TX",7189384,3545715,3364458,123.4131066,0,123.4131066,123.4131066,1412,393,393,0.508,0,0,31,0.078880407,362,0.921119593,412,109,159,144,0.264563107,3,3,0,0,0,0,3,0,0,0,0,0,0,0,1,2,0,0.333333333,3.184426767,11.44124833,0.024308601,0.024308601,0,0,0,0,0.024308601,0,0,0,0,0,0,0,3.208735368,0,0.007633588,0,0,0,0,0.064254625,0.043554829,0.04848884,0,0.004240283,0.014457831,137.3333333,0,25.87820999,8.018031155,2.949588598,14.91059024,60.51869373,25.92917469,0,0,51.85834938,25.92917469,131.43,0,0,6,31.11500963,0.004249292,335893,263005,237094,110883,0.000308271,0.608799594,0.000309762,0.728662777,0.000919698,0.323506457,0.000985642,0.285386682,1,1,11,20,10.66666667,3013.140169,499444.4106
47,4.8113E+11,4.8113E+11,48,113,14702,3,206,"Dallas-Fort Worth, TX-OK",19100,"Dallas-Fort Worth-Arlington, TX",7189384,3545715,3364458,43.4068215,0,43.4068215,43.4068215,1962,532,479,0.555,0,0,166,0.346555324,313,0.653444676,689,143,312,234,0.20754717,26,15,8,1,2,0,15,8,1,2,0,0,0,0,9,15,2,0.346153846,12.25613813,45.20026881,0.598984194,0.345567804,0.184302829,0.023037854,0.046075707,0,0.345567804,0.184302829,0.023037854,0.046075707,0,0,0,0,12.85512232,0,0.054279749,0.723232187,0.622958298,0.723232187,0.482154792,0.158120317,0.173606764,0.19138448,9.11797E-06,0.026156942,0.072727273,26.5,8.423E-12,29.08510213,0,0,29.08510213,147.5012401,0,0,0,176.9307158,29.48845264,158.25,0,0,2,29.48845264,0.001019368,462592,309439,33410,18987,0.000424551,0.838439092,0.000364452,0.857309485,0.000129599,0.045586775,0.000168776,0.048868059,2,8,17,20,14,1937.328346,175665.4405
48,4.8113E+11,4.8113E+11,48,113,18132,3,206,"Dallas-Fort Worth, TX-OK",19100,"Dallas-Fort Worth-Arlington, TX",7189384,3545715,3364458,271.4353964,0.3736152,271.0617812,270.11851,1268,570,570,0.68,10,0.01754386,286,0.501754386,274,0.480701754,845,162,309,374,0.191715976,763,13,55,24,601,70,13,55,24,55,70,0,546,0,492,167,104,0.644823067,2.110184896,4.694235874,2.824686098,0.048127024,0.203614332,0.08884989,2.224949338,0.259145514,0.048127024,0.203614332,0.08884989,0.203614332,0.259145514,0,2.021335006,0,4.934870994,0,1.338596491,0.481478953,0.481478953,0.567019159,0.488574421,0.628534219,0.521814151,0.574146838,0.488311299,0.751354013,0.949004975,1.107470511,0.898103006,23.74377522,3.069365799,1.855787063,18.81862236,103.9160883,4.722170696,9.444341392,33.05519487,75.55473114,14.16651209,-99999,0,0,1,2.361085348,0.000788644,281853,238142,-99999,-99999,0.000258675,0.510853135,0.000280479,0.659779133,-99999,-99999,-99999,-99999,14,8,15,1,9,6139.674533,1098483.84
49,4.8113E+11,4.8113E+11,48,113,19502,2,206,"Dallas-Fort Worth, TX-OK",19100,"Dallas-Fort Worth-Arlington, TX",7189384,3545715,3364458,88.2003682,0,88.2003682,88.2003682,1425,516,516,0.56,0,0,85,0.164728682,431,0.835271318,476,62,92,322,0.130252101,104,39,7,8,22,28,39,7,8,18,28,0,4,0,54,23,27,0.519230769,5.850315713,16.15639514,1.1791334,0.442175025,0.079364748,0.090702569,0.249432065,0.317458992,0.442175025,0.079364748,0.090702569,0.204080781,0.317458992,0,0.045351285,0,7.029449113,0,0.201550388,0.887649756,0.887649756,0.853304195,0.735253115,0.386171611,0.562063875,0.618360814,0.35310407,0.136036625,0.35862069,4.576923077,0.027961602,25.79714243,0.843729314,0,24.95341311,137.8896738,0,0,0,65.30584982,94.33067197,544.49,0,0,1.33,9.650753363,0.000933333,447957,288222,119859,44125,0.000411119,0.811913436,0.000339463,0.798527187,0.000464938,0.163543406,0.000392228,0.11356734,7,17,17,15,14.66666667,2802.744455,356941.453
50,4.8113E+11,4.8113E+11,48,113,19302,2,206,"Dallas-Fort Worth, TX-OK",19100,"Dallas-Fort Worth-Arlington, TX",7189384,3545715,3364458,91.938497,0,91.938497,87.20863,1311,395,346,0.583,0,0,97,0.280346821,249,0.719653179,339,53,65,221,0.156342183,66,0,14,4,23,25,0,14,4,23,25,0,0,0,9,31,26,0.136363636,4.529368252,15.03291589,0.756805834,0,0.160534571,0.04586702,0.263735367,0.286668877,0,0.160534571,0.04586702,0.263735367,0.286668877,0,0,0,5.286174086,0,0.190751445,0.890066009,0.766661131,0.890066009,0.59337734,0.396196877,0.495977107,0.546280559,0.342758537,0.095860566,0.325925926,5.136363636,0.015980858,28.37007661,0,0,28.37007661,352.8062896,0,0,0,320.2140666,139.2235072,489.51,0,0.13581484,1.33,9.25836323,0.001014493,453388,297999,227727,88391,0.000416104,0.821757019,0.000350978,0.825614642,0.000883363,0.310725513,0.00078571,0.227497581,7,11,20,16,15,2719.097225,372072.1382
51,4.8113E+11,4.8113E+11,48,113,7826,1,206,"Dallas-Fort Worth, TX-OK",19100,"Dallas-Fort Worth-Arlington, TX",7189384,3545715,3364458,146.2340271,0,146.2340271,69.60911,987,633,548,0.737,17,0.031021898,321,0.585766423,210,0.383211679,738,127,199,412,0.172086721,20,0,0,0,20,0,0,0,0,20,0,0,0,0,3,9,8,0.15,9.093637313,14.17917856,0.287318714,0,0,0,0.287318714,0,0,0,0,0.287318714,0,0,0,0,9.380956027,0,0.03649635,0,0,0,0,0.219887712,0.173024707,0.192625422,0.000162866,0.039721946,0.052770449,36.9,0,14.20110296,5.104546982,0.436823352,8.65973263,42.31682682,17.50618547,0,0,30.63582457,21.88273183,250.79,0.105407175,0.480431124,16.33,71.46900217,0.016545086,364051,259892,294583,138821,0.000334113,0.659835427,0.000306096,0.720038122,0.001142701,0.401948183,0.001233984,0.357292503,3,1,9,18,9.666666667,4365.969851,591801.4881
52,4.8113E+11,4.8113E+11,48,113,7815,3,206,"Dallas-Fort Worth, TX-OK",19100,"Dallas-Fort Worth-Arlington, TX",7189384,3545715,3364458,162.821603,0,162.821603,77.09944,3083,1221,1037,0.614,185,0.178399229,625,0.602700096,227,0.218900675,1096,287,559,250,0.261861314,23,0,17,4,2,0,0,17,4,2,0,0,0,0,4,10,9,0.173913043,15.8366909,39.98732027,0.298316045,0,0.220494468,0.051881051,0.025940526,0,0,0.220494468,0.051881051,0.025940526,0,0,0,0,16.13500695,0,0.022179364,0.673587646,0.4597951,0.673587646,0.355870387,0.0870184,0.037713057,0.038444907,0,0.014810045,0.041108132,47.65217391,0,11.00081259,0,1.978754604,9.022057982,82.58363603,0,0,0,117.9204703,3.930682343,135.45,0,0.108839856,7.33,28.81190158,0.002377554,456573,309046,223139,116492,0.000419027,0.82752977,0.000363989,0.856220667,0.000865566,0.304465348,0.0010355,0.299822925,1,5,13,20,12,5093.684687,658930.8321
53,4.8113E+11,4.8113E+11,48,113,7815,2,206,"Dallas-Fort Worth, TX-OK",19100,"Dallas-Fort Worth-Arlington, TX",7189384,3545715,3364458,123.1400611,0,123.1400611,123.14006,2123,857,732,0.649,107,0.146174863,420,0.573770492,205,0.280054645,975,277,472,226,0.284102564,2895,197,23,149,1827,699,197,20,149,1274,699,0,553,3,888,874,1133,0.306735751,6.959554835,17.24053082,23.50981476,1.59980432,0.186779185,1.210004283,14.83676393,5.676463045,1.59980432,0.162416682,1.210004283,10.34594266,5.676463045,0,4.490821265,0.024362502,30.46936959,0,3.954918033,0.626064255,0.626064255,0.718234782,0.672113317,0.729545703,0.583108508,0.638400552,0.401760596,0.846153846,0.503875969,0.336787565,0.515193647,17.33092051,0,8.504596837,8.826323669,72.78346234,0,10.39466757,15.59200136,51.97333786,15.59200136,159.59,0.126695754,0.787339993,33.67,174.9942286,0.015859633,456322,308517,294070,172046,0.000418797,0.827074837,0.000363366,0.854755058,0.001140711,0.401248213,0.001529321,0.442805815,17,14,12,20,15.83333333,4333.316511,498340.9085
54,4.8113E+11,4.8113E+11,48,113,13615,1,206,"Dallas-Fort Worth, TX-OK",19100,"Dallas-Fort Worth-Arlington, TX",7189384,3545715,3364458,55.8774643,0,55.8774643,55.8774643,1741,1083,1015,0.706,130,0.128078818,616,0.606896552,269,0.265024631,797,203,328,266,0.254705144,17,0,0,2,15,0,0,0,2,10,0,0,5,0,4,7,6,0.235294118,19.38169553,31.15746253,0.304237141,0,0,0.035792605,0.268444536,0,0,0,0.035792605,0.178963024,0,0,0.089481512,0,19.68593267,0,0.016748768,0.522559375,0.225054073,0.840916049,0.444273468,0.081868147,0.095390944,0.104315606,1.24593E-10,0.019340159,0.041769042,46.88235294,0,10.96500922,0,3.862249003,7.102760213,22.91872074,0,11.45363355,0,22.90726711,0,426.48,0,0,4.67,53.4884687,0.002682366,468012,303795,197352,98314,0.000429525,0.848262737,0.000357804,0.841672623,0.000765537,0.26927989,0.000873916,0.253037042,1,7,7,16,9,1972.074869,226132.5611
55,4.8113E+11,4.8113E+11,48,113,13726,2,206,"Dallas-Fort Worth, TX-OK",19100,"Dallas-Fort Worth-Arlington, TX",7189384,3545715,3364458,251.5809114,0,251.5809114,202.5208,2144,1115,1026,0.694,0,0,463,0.451267057,563,0.548732943,1127,197,343,587,0.174800355,1058,16,196,97,649,100,16,196,97,386,100,15,248,0,216,321,521,0.20415879,5.505607325,10.58656691,5.224154753,0.079004231,0.967801826,0.478963148,3.204609107,0.493776442,0.079004231,0.967801826,0.478963148,1.905977065,0.493776442,0.074066466,1.224565575,0,10.72976208,0,1.031189084,0.69437043,0.69437043,0.815056029,0.762717185,0.703432779,0.603651575,0.65505444,0.572163925,0.660836977,0.968421053,1.065217391,0.936863775,31.39784869,0,6.060236445,25.33761224,258.7363232,0,20.35130556,17.80739236,295.0939306,30.52695833,-99999,0,0,1,2.543913195,0.000466418,412578,272194,-99999,-99999,0.00037865,0.74778968,0.000320585,0.754121161,-99999,-99999,-99999,-99999,16,18,20,1,12.66666667,6456.733486,1018133.994
56,4.8113E+11,4.8113E+11,48,113,13713,1,206,"Dallas-Fort Worth, TX-OK",19100,"Dallas-Fort Worth-Arlington, TX",7189384,3545715,3364458,136.2405618,0,136.2405618,136.2405618,914,260,221,0.519,11,0.049773756,88,0.398190045,122,0.552036199,442,117,200,125,0.264705882,1014,168,9,485,310,42,168,9,485,114,42,0,196,0,106,403,505,0.104536489,1.908389077,6.708721602,7.442717401,1.233112942,0.066059622,3.559879625,2.275386977,0.308278236,1.233112942,0.066059622,3.559879625,0.836755211,0.308278236,0,1.438631766,0,9.351106478,0,4.588235294,0.737347285,0.737347285,0.774545816,0.667390629,0.80599478,0.736272977,0.730337865,0.427803813,0.94813278,0.607142857,0.435897436,0.568870443,19.46302623,9.161747544,6.080737522,4.220541165,18.79499002,18.79029245,4.697573113,9.395146226,9.395146226,0,-99999,0,0,-99999,-99999,-99999,474865,317356,-99999,-99999,0.000435815,0.860683668,0.000373776,0.879243757,-99999,-99999,-99999,-99999,19,14,6,1,7.833333333,3491.78685,551358.5124
57,4.8113E+11,4.8113E+11,48,113,15206,1,206,"Dallas-Fort Worth, TX-OK",19100,"Dallas-Fort Worth-Arlington, TX",7189384,3545715,3364458,136.3777023,0,136.3777023,136.3777023,2786,668,668,0.475,0,0,239,0.357784431,429,0.642215569,809,204,308,297,0.252163164,99,0,0,1,31,67,0,0,1,14,67,0,17,0,61,27,11,0.616161616,4.89816142,20.42855946,0.725925121,0,0,0.007332577,0.227309886,0.491282657,0,0,0.007332577,0.102656078,0.491282657,0,0.124653809,0,5.624086541,0,0.148203593,0.613711387,0.418923195,0.641861073,0.427907382,0.340222917,0.467652838,0.519653493,0.401900607,0.068630849,0.218061674,8.171717172,0.000768003,18.10013151,0,1.892933573,16.20719794,86.07154837,0,9.38569853,9.38569853,98.54983456,4.692849265,390.27,0,0,2,9.38569853,0.000717875,385388,275923,77504,42923,0.000353696,0.698508328,0.000324977,0.764452461,0.000300641,0.105751493,0.000381544,0.110473676,6,6,13,17,12,3085.917513,551914.5847
58,4.8113E+11,4.8113E+11,48,113,15206,2,206,"Dallas-Fort Worth, TX-OK",19100,"Dallas-Fort Worth-Arlington, TX",7189384,3545715,3364458,149.9538705,0,149.9538705,149.9538705,1634,389,389,0.539,29,0.074550129,60,0.154241645,300,0.771208226,768,168,303,297,0.21875,7,0,5,0,2,0,0,5,0,2,0,0,0,0,4,3,0,0.571428571,2.594131106,10.89668439,0.046681022,0,0.033343587,0,0.013337435,0,0,0.033343587,0,0.013337435,0,0,0,0,2.640812129,0,0.017994859,0.863120569,0.371725796,0.863120569,0.287706856,0.090504854,0.054455395,0.060624252,0,0.008531383,0.018064516,109.7142857,0,17.89949938,0,1.790368756,16.10913062,96.77642832,0,21.33989599,4.267979198,85.35958397,21.33989599,403.68,0,0,2,8.535958397,0.00122399,365980,260679,33251,18949,0.000335884,0.663331702,0.000307023,0.722218528,0.000128982,0.045369825,0.000168438,0.048770256,1,3,14,16,10.66666667,3195.798607,606854.0263
59,4.8113E+11,4.8113E+11,48,113,15401,5,206,"Dallas-Fort Worth, TX-OK",19100,"Dallas-Fort Worth-Arlington, TX",7189384,3545715,3364458,183.7000704,0,183.7000704,183.7000704,708,287,287,0.614,0,0,97,0.337979094,190,0.662020906,333,58,108,167,0.174174174,707,110,11,79,6,501,110,11,79,0,501,6,0,0,265,240,202,0.374823197,1.562329287,3.854108485,3.848664829,0.598802166,0.059880217,0.430048828,0.032661936,2.727271682,0.598802166,0.059880217,0.430048828,0,2.727271682,0.032661936,0,0,5.410994116,0,2.463414634,0.549061816,0.549061816,0.549061816,0.424960686,0.686222903,0.404683499,0.431024175,0.418827638,0.999293286,0.640384615,0.471004243,0.589196369,14.00450895,5.819584775,4.079688875,4.1052353,26.72181883,0,10.45181962,0,24.38757911,3.483939873,-99999,0,0,-99999,-99999,-99999,352659,261298,-99999,-99999,0.000323658,0.639187646,0.000307752,0.723933485,-99999,-99999,-99999,-99999,16,6,7,1,6.333333333,4489.252714,743424.9912
60,4.8113E+11,4.8113E+11,48,113,14702,2,206,"Dallas-Fort Worth, TX-OK",19100,"Dallas-Fort Worth-Arlington, TX",7189384,3545715,3364458,115.1619434,0,115.1619434,115.1619434,394,184,148,0.668,0,0,28,0.189189189,120,0.810810811,336,65,122,149,0.193452381,16,0,0,0,16,0,0,0,0,1,0,0,15,0,6,9,1,0.375,1.597750043,3.421269113,0.138934786,0,0,0,0.138934786,0,0,0,0,0.008683424,0,0,0.130251362,0,1.736684829,0,0.108108108,0,0,0.337290067,0.112430022,0.461216041,0.303331289,0.337693492,0.102053503,0.07804878,0.090909091,21,2.06115E-09,14.05823484,0,0.187905046,13.8703298,44.4758038,0,0,0,50.01652308,11.11478291,689.34,0,0,2,11.11478291,0.005076142,427444,286993,22256,15360,0.000392293,0.774734018,0.000338015,0.795122208,8.6332E-05,0.030367532,0.000136535,0.039533016,9,2,9,14,9.5,2827.400759,466054.5312
61,4.8113E+11,4.8113E+11,48,113,5000,1,206,"Dallas-Fort Worth, TX-OK",19100,"Dallas-Fort Worth-Arlington, TX",7189384,3545715,3364458,112.4688005,0,112.4688005,112.4688005,839,189,153,0.513,7,0.045751634,0,0,146,0.954248366,420,111,199,110,0.264285714,1997,94,258,282,1171,192,94,258,282,222,192,718,231,0,381,766,850,0.190786179,1.680466042,7.459846609,17.75603537,0.835787344,2.293969517,2.507362031,10.41177638,1.707140106,0.835787344,2.293969517,2.507362031,1.973880747,1.707140106,6.383992688,2.05390294,0,19.43650141,0,13.05228758,0.759783736,0.759783736,0.910275894,0.851822503,0.77713641,0.496782505,0.520346501,0.381017318,0.59167842,0.347538271,0.210315473,0.453987994,33.28495063,3.60570232,12.58462852,17.09461979,134.6819734,11.38093404,0,51.21420318,22.76186808,68.28560424,411.72,0,0.159305859,8.33,47.40159027,0.009928486,400689,285537,197907,76711,0.000367739,0.726241096,0.0003363,0.791088319,0.00076769,0.270037168,0.000681886,0.197436016,18,20,17,16,17.33333333,3163.360284,455154.4437
